words,sents,words_per_sent,ttr,punct_rate,uniq_word_ratio,split,n
147.13,6.68,22.903162698412704,0.6563655800688685,0.018361702330880234,0.6563655800688685,P0_test,100
131.04,5.15,26.139428571428567,0.7198246921343646,0.01779058706311767,0.7198246921343646,P1_test,100
129.21,4.74,27.822738095238098,0.7316129812961404,0.01696841602268484,0.7316129812961404,P2_test,100
