words,sents,words_per_sent,ttr,punct_rate,uniq_word_ratio,split,n
147.13,6.68,22.903162698412704,0.6563655800688685,0.018361702330880234,0.6563655800688685,P0_test,100
133.96,5.19,26.44270238095238,0.6805300436256116,0.019617535973316395,0.6805300436256116,P1_test,100
132.06,4.88,27.744571428571426,0.6824753517212138,0.019313585990535027,0.6824753517212138,P2_test,100
