{
  "val": {
    "acc": 0.9,
    "precision": 0.8541666666666666,
    "recall": 0.9318181818181818,
    "f1": 0.8913043478260869,
    "confusion_matrix": [
      [
        49,
        7
      ],
      [
        3,
        41
      ]
    ]
  },
  "test": {
    "acc": 0.86,
    "precision": 0.9137931034482759,
    "recall": 0.8548387096774194,
    "f1": 0.8833333333333333,
    "confusion_matrix": [
      [
        33,
        5
      ],
      [
        9,
        53
      ]
    ]
  },
  "label_map": {
    "human": 0,
    "llm": 1
  },
  "model": "TFIDF(1-2gram)+LogReg",
  "dataset": "P0"
}