acc,precision,recall,f1,auroc,mcc,brier,ece,detector,split
0.86,0.9137931034482759,0.8548387096774194,0.8833333333333333,0.9401528013582343,0.7112844353836953,0.14890853010272695,0.32863329164872673,word_tfidf_lr,P0_test
0.95,0.9672131147540983,0.9516129032258065,0.959349593495935,0.9711375212224109,0.8946251266319498,0.13342211029493956,0.40440573985228745,char_tfidf_lr,P0_test
0.71,0.8666666666666667,0.6290322580645161,0.7289719626168224,0.8522920203735144,0.4596716652361335,0.19826971115123104,0.2956721075947239,word_tfidf_lr,P1_test_nllb
0.62,0.9615384615384616,0.4032258064516129,0.5681818181818182,0.815365025466893,0.4170832882943509,0.22395426662673032,0.2721378241999348,char_tfidf_lr,P1_test_nllb
0.7,0.9210526315789473,0.5645161290322581,0.7,0.8399830220713074,0.4855687606112054,0.20468068253272123,0.2740293452316461,word_tfidf_lr,P2_test_nllb
0.55,0.9473684210526315,0.2903225806451613,0.4444444444444444,0.764855687606112,0.32665057853992396,0.24441792766074652,0.24931479081410624,char_tfidf_lr,P2_test_nllb
